,algorithm,support,confidence,jaccard
0,mowoaarm,0.6183908045977011,1.0,0.6183908045977011
1,mossoarm,0.2597701149425287,0.6208791208791208,0.5707070707070707
2,mossoarm,0.4482758620689655,1.0,0.4482758620689655
