,algorithm,support,confidence,jaccard
0,mowoaarm,0.6183908045977011,1.0,0.6183908045977011
1,mossoarm,0.15632183908045977,0.7555555555555555,0.39080459770114945
2,mossoarm,0.2574712643678161,0.6436781609195402,0.42424242424242414
3,mossoarm,0.37471264367816093,1.0,0.37471264367816093
