,algorithm,support,confidence,cosine
0,mowsaarm,0.03333333333333333,1.0,0.9128709291752769
1,mowsaarm,0.14,1.0,0.6480740698407861
2,mowsaarm,0.16666666666666666,0.9615384615384615,0.6933752452815364
3,mowsaarm,0.22,0.8918918918918919,0.8472686738391098
4,mowsaarm,0.2733333333333333,0.82,0.9055385138137417
5,mowsaarm,0.34,1.0,0.58309518948453
6,mowoaarm,0.2733333333333333,1.0,0.9055385138137417
7,mowoaarm,0.34,1.0,0.58309518948453
