,algorithm,support,confidence,cosine
0,mocsoarm,0.24666666666666667,1.0,0.8602325267042626
1,mocsoarm,0.34,1.0,0.58309518948453
2,mowoaarm,0.03333333333333333,1.0,0.9128709291752769
3,mowoaarm,0.12,1.0,0.6
4,mowoaarm,0.16666666666666666,0.9615384615384615,0.6933752452815364
5,mowoaarm,0.22,0.8918918918918919,0.8472686738391098
6,mowoaarm,0.3333333333333333,1.0,0.5773502691896257
