,algorithm,support,confidence,jaccard
0,mososarm,0.3264367816091954,0.669811320754717,0.6635514018691591
1,mososarm,0.4827586206896552,1.0,0.4827586206896552
2,mossoarm,0.006896551724137931,1.0,0.011857707509881424
3,mossoarm,0.02528735632183908,0.9166666666666666,0.044176706827309245
4,mossoarm,0.0735632183908046,0.9142857142857143,0.11636363636363636
5,mossoarm,0.12183908045977011,0.8983050847457626,0.12018140589569164
6,mossoarm,0.2,0.7435897435897437,0.18709677419354842
7,mossoarm,0.3195402298850575,0.6465116279069768,0.4498381877022654
