,algorithm,support,confidence,jaccard
0,mowoaarm,0.6183908045977011,1.0,0.6183908045977011
1,mossoarm,0.04367816091954023,1.0,0.04367816091954023
2,mossoarm,0.271264367816092,0.7763157894736843,0.5462962962962964
3,mossoarm,0.28045977011494255,0.28045977011494255,0.2791762013729977
