,algorithm,support,confidence,jaccard
0,mososarm,0.2,0.798165137614679,0.5000000000000001
1,mososarm,0.4804597701149425,1.0,0.4804597701149425
2,mocmsarm,0.2367816091954023,1.0,0.2367816091954023
3,mocmsarm,0.4413793103448276,0.9230769230769231,0.8458149779735683
