,algorithm,support,confidence,jaccard
0,mososarm,0.22758620689655173,0.5789473684210527,0.5103092783505154
1,mososarm,0.4827586206896552,1.0,0.4827586206896552
2,mossoarm,0.5816091954022988,1.0,0.5816091954022988
