,algorithm,support,confidence,jaccard
0,mowoaarm,0.6183908045977011,1.0,0.6183908045977011
1,mossoarm,0.25287356321839083,0.6748466257668713,0.5164319248826292
2,mossoarm,0.2597701149425287,0.6608187134502923,0.4934497816593885
3,mossoarm,0.48735632183908045,1.0,0.48735632183908045
