,algorithm,support,confidence,jaccard
0,mowoaarm,0.6183908045977011,1.0,0.6183908045977011
1,mossoarm,0.6068965517241379,1.0,0.606896551724138
