,algorithm,support,confidence,jaccard
0,mowoaarm,0.6183908045977011,1.0,0.6183908045977011
1,mossoarm,0.5494252873563218,1.0,0.5494252873563219
