,algorithm,support,confidence,jaccard
0,mowoaarm,0.6183908045977011,1.0,0.6183908045977011
1,mossoarm,0.19080459770114944,0.5971223021582734,0.3807339449541285
2,mossoarm,0.2045977011494253,1.0,0.2045977011494253
3,mossoarm,0.27586206896551724,0.4411764705882353,0.20442930153321975
