,algorithm,support,confidence,jaccard
0,mowoaarm,0.3448275862068966,0.7109004739336493,0.6849315068493151
1,mowoaarm,0.6183908045977011,1.0,0.6183908045977011
2,mossoarm,0.535632183908046,1.0,0.535632183908046
